{"cameraMode":{"drawMode":0,"name":"Shaded","section":"Shading Mode"},"sceneLighting":true,"audioPlay":false,"sceneViewState":{"m_AlwaysRefresh":false,"showFog":true,"showSkybox":true,"showFlares":true,"showImageEffects":true,"showParticleSystems":true,"showVisualEffectGraphs":true,"m_FxEnabled":true},"in2DMode":false,"pivot":{"x":-0.8674115538597107,"y":0.2229083627462387,"z":-0.6934666633605957},"rotation":{"x":-0.38284698128700259,"y":0.5842495560646057,"z":-0.3624702990055084,"w":-0.6170319318771362},"size":1.0574142932891846,"orthographic":false}